[
    {
        "icon_file": "Labelling_icons_by_pdf/RMC4916_0738002356_Carton_LABEL/icons_page_1/icon_1.png",
        "matched_symbol_file": "IFU_symbols/page_2/IFU_symbol_2_437.png",
        "description": "Date of Manufacture\nHerstellungsdatum\nFecha de fabricaci\u00f3n\nDate de fabrication\nData di produzione\nDatum van fabricage",
        "similarity": 0.8578802943229675
    },
    {
        "icon_file": "Labelling_icons_by_pdf/RMC4916_0738002356_Carton_LABEL/icons_page_1/icon_11.png",
        "matched_symbol_file": "IFU_symbols/page_1/IFU_symbol_1_763.png",
        "description": "Baxter Deutschland GmbH\nEdisonstrasse 4\n85716 Unterschleissheim\nGermany",
        "similarity": 0.8601025342941284
    },
    {
        "icon_file": "Labelling_icons_by_pdf/RMC4916_0738002356_Carton_LABEL/icons_page_1/icon_11.png",
        "matched_symbol_file": "IFU_symbols/page_1/IFU_symbol_1_766.png",
        "description": "Baxter Deutschland GmbH\nEdisonstrasse 4\n85716 Unterschleissheim\nGermany",
        "similarity": 0.8687853813171387
    },
    {
        "icon_file": "Labelling_icons_by_pdf/RMC4916_0738002356_Carton_LABEL/icons_page_1/icon_11.png",
        "matched_symbol_file": "IFU_symbols/page_1/IFU_symbol_1_769.png",
        "description": "07-19-00-4306\nRev. 2024-10-08",
        "similarity": 0.8584470152854919
    },
    {
        "icon_file": "Labelling_icons_by_pdf/RMC4916_0738002356_Carton_LABEL/icons_page_1/icon_11.png",
        "matched_symbol_file": "IFU_symbols/page_1/IFU_symbol_1_775.png",
        "description": "Baxter Deutschland GmbH\nEdisonstrasse 4\n85716 Unterschleissheim\nGermany",
        "similarity": 0.8676807880401611
    },
    {
        "icon_file": "Labelling_icons_by_pdf/RMC4916_0738002356_Carton_LABEL/icons_page_1/icon_11.png",
        "matched_symbol_file": "IFU_symbols/page_1/IFU_symbol_1_778.png",
        "description": "Baxter Deutschland GmbH\nEdisonstrasse 4\n85716 Unterschleissheim\nGermany",
        "similarity": 0.8580598831176758
    },
    {
        "icon_file": "Labelling_icons_by_pdf/RMC4916_0738002356_Carton_LABEL/icons_page_1/icon_11.png",
        "matched_symbol_file": "IFU_symbols/page_2/IFU_symbol_2_434.png",
        "description": "Made in Tunisia\nIn Tunesien hergestellt\nFabricado en T\u00fanez\nFabriqu\u00e9 en Tunisie\nProdotto in Tunisia\nGefabriceerd in Tunesi\u00eb",
        "similarity": 0.8516419529914856
    },
    {
        "icon_file": "Labelling_icons_by_pdf/RMC4916_0738002356_Carton_LABEL/icons_page_1/icon_12.png",
        "matched_symbol_file": "IFU_symbols/page_1/IFU_symbol_1_216.png",
        "description": "Baxter Deutschland GmbH\nEdisonstrasse 4\n85716 Unterschleissheim\nGermany",
        "similarity": 0.8621455430984497
    },
    {
        "icon_file": "Labelling_icons_by_pdf/RMC4916_0738002356_Carton_LABEL/icons_page_1/icon_12.png",
        "matched_symbol_file": "IFU_symbols/page_1/IFU_symbol_1_234.png",
        "description": "Baxter Deutschland GmbH\nEdisonstrasse 4\n85716 Unterschleissheim\nGermany",
        "similarity": 0.8711827993392944
    },
    {
        "icon_file": "Labelling_icons_by_pdf/RMC4916_0738002356_Carton_LABEL/icons_page_1/icon_12.png",
        "matched_symbol_file": "IFU_symbols/page_2/IFU_symbol_2_394.png",
        "description": "Authorized representative in the European \nCommunity",
        "similarity": 0.8586885333061218
    },
    {
        "icon_file": "Labelling_icons_by_pdf/RMC4916_0738002356_Carton_LABEL/icons_page_1/icon_14.png",
        "matched_symbol_file": "IFU_symbols/page_1/IFU_symbol_1_151.png",
        "description": "https://edocs.baxter.com\nhttps://edocs.baxter.com",
        "similarity": 0.870069146156311
    },
    {
        "icon_file": "Labelling_icons_by_pdf/RMC4916_0738002356_Carton_LABEL/icons_page_1/icon_14.png",
        "matched_symbol_file": "IFU_symbols/page_1/IFU_symbol_1_152.png",
        "description": "Baxter Deutschland GmbH\nEdisonstrasse 4\n85716 Unterschleissheim\nGermany",
        "similarity": 0.8655163049697876
    },
    {
        "icon_file": "Labelling_icons_by_pdf/RMC4916_0738002356_Carton_LABEL/icons_page_1/icon_14.png",
        "matched_symbol_file": "IFU_symbols/page_1/IFU_symbol_1_153.png",
        "description": "Baxter Deutschland GmbH\nEdisonstrasse 4\n85716 Unterschleissheim\nGermany",
        "similarity": 0.8703014850616455
    },
    {
        "icon_file": "Labelling_icons_by_pdf/RMC4916_0738002356_Carton_LABEL/icons_page_1/icon_14.png",
        "matched_symbol_file": "IFU_symbols/page_1/IFU_symbol_1_154.png",
        "description": "Baxter Deutschland GmbH\nEdisonstrasse 4\n85716 Unterschleissheim\nGermany",
        "similarity": 0.8751877546310425
    },
    {
        "icon_file": "Labelling_icons_by_pdf/RMC4916_0738002356_Carton_LABEL/icons_page_1/icon_14.png",
        "matched_symbol_file": "IFU_symbols/page_1/IFU_symbol_1_155.png",
        "description": "Baxter Deutschland GmbH\nEdisonstrasse 4\n85716 Unterschleissheim\nGermany",
        "similarity": 0.8665233850479126
    },
    {
        "icon_file": "Labelling_icons_by_pdf/RMC4916_0738002356_Carton_LABEL/icons_page_1/icon_14.png",
        "matched_symbol_file": "IFU_symbols/page_1/IFU_symbol_1_156.png",
        "description": "Baxter Deutschland GmbH\nEdisonstrasse 4\n85716 Unterschleissheim\nGermany",
        "similarity": 0.8754751682281494
    },
    {
        "icon_file": "Labelling_icons_by_pdf/RMC4916_0738002356_Carton_LABEL/icons_page_1/icon_14.png",
        "matched_symbol_file": "IFU_symbols/page_2/IFU_symbol_2_421.png",
        "description": "Keep dry\nVor N\u00e4sse sch\u00fctzen\nMantener seco\nConserver au sec\nTenere all'asciutto\nDroog houden",
        "similarity": 0.8707720041275024
    },
    {
        "icon_file": "Labelling_icons_by_pdf/RMC4916_0738002356_Carton_LABEL/icons_page_1/icon_15.png",
        "matched_symbol_file": "IFU_symbols/page_1/IFU_symbol_1_183.png",
        "description": "Baxter Deutschland GmbH\nEdisonstrasse 4\n85716 Unterschleissheim\nGermany",
        "similarity": 0.8529022932052612
    },
    {
        "icon_file": "Labelling_icons_by_pdf/RMC4916_0738002356_Carton_LABEL/icons_page_1/icon_15.png",
        "matched_symbol_file": "IFU_symbols/page_2/IFU_symbol_2_464.png",
        "description": "MR-sicher \u2013 Von dem Produkt gehen keine bekannten \nGefahren infolge der Exposition gegen\u00fcber einer MR-\nUmgebung aus.",
        "similarity": 0.8589015007019043
    },
    {
        "icon_file": "Labelling_icons_by_pdf/RMC4916_0738002356_Carton_LABEL/icons_page_1/icon_17.png",
        "matched_symbol_file": "IFU_symbols/page_1/IFU_symbol_1_94.png",
        "description": "Baxter Healthcare SA\nThurgauerstrasse 130\n8152 Glattpark (Opfikon)\nSwitzerland\nwww.baxter.com",
        "similarity": 0.8523454666137695
    },
    {
        "icon_file": "Labelling_icons_by_pdf/RMC4916_0738002356_Carton_LABEL/icons_page_1/icon_17.png",
        "matched_symbol_file": "IFU_symbols/page_1/IFU_symbol_1_106.png",
        "description": "Baxter Healthcare SA\nThurgauerstrasse 130\n8152 Glattpark (Opfikon)\nSwitzerland\nwww.baxter.com",
        "similarity": 0.8536040782928467
    },
    {
        "icon_file": "Labelling_icons_by_pdf/RMC4916_0738002356_Carton_LABEL/icons_page_1/icon_18.png",
        "matched_symbol_file": "IFU_symbols/page_1/IFU_symbol_1_75.png",
        "description": "Baxter Healthcare SA\nThurgauerstrasse 130\n8152 Glattpark (Opfikon)\nSwitzerland\nwww.baxter.com",
        "similarity": 0.8964375257492065
    },
    {
        "icon_file": "Labelling_icons_by_pdf/RMC4916_0738002356_Carton_LABEL/icons_page_1/icon_18.png",
        "matched_symbol_file": "IFU_symbols/page_1/IFU_symbol_1_78.png",
        "description": "Baxter Healthcare SA\nThurgauerstrasse 130\n8152 Glattpark (Opfikon)\nSwitzerland\nwww.baxter.com",
        "similarity": 0.8893649578094482
    },
    {
        "icon_file": "Labelling_icons_by_pdf/RMC4916_0738002356_Carton_LABEL/icons_page_1/icon_18.png",
        "matched_symbol_file": "IFU_symbols/page_1/IFU_symbol_1_81.png",
        "description": "Baxter Healthcare SA\nThurgauerstrasse 130\n8152 Glattpark (Opfikon)\nSwitzerland\nwww.baxter.com",
        "similarity": 0.8932758569717407
    },
    {
        "icon_file": "Labelling_icons_by_pdf/RMC4916_0738002356_Carton_LABEL/icons_page_1/icon_18.png",
        "matched_symbol_file": "IFU_symbols/page_1/IFU_symbol_1_84.png",
        "description": "Baxter Healthcare SA\nThurgauerstrasse 130\n8152 Glattpark (Opfikon)\nSwitzerland\nwww.baxter.com",
        "similarity": 0.8910543918609619
    },
    {
        "icon_file": "Labelling_icons_by_pdf/RMC4916_0738002356_Carton_LABEL/icons_page_1/icon_18.png",
        "matched_symbol_file": "IFU_symbols/page_1/IFU_symbol_1_87.png",
        "description": "Baxter Healthcare SA\nThurgauerstrasse 130\n8152 Glattpark (Opfikon)\nSwitzerland\nwww.baxter.com",
        "similarity": 0.8860043287277222
    },
    {
        "icon_file": "Labelling_icons_by_pdf/RMC4916_0738002356_Carton_LABEL/icons_page_1/icon_18.png",
        "matched_symbol_file": "IFU_symbols/page_1/IFU_symbol_1_90.png",
        "description": "Baxter Healthcare SA\nThurgauerstrasse 130\n8152 Glattpark (Opfikon)\nSwitzerland\nwww.baxter.com",
        "similarity": 0.8851187229156494
    },
    {
        "icon_file": "Labelling_icons_by_pdf/RMC4916_0738002356_Carton_LABEL/icons_page_1/icon_18.png",
        "matched_symbol_file": "IFU_symbols/page_1/IFU_symbol_1_183.png",
        "description": "Baxter Deutschland GmbH\nEdisonstrasse 4\n85716 Unterschleissheim\nGermany",
        "similarity": 0.8720242977142334
    },
    {
        "icon_file": "Labelling_icons_by_pdf/RMC4916_0738002356_Carton_LABEL/icons_page_1/icon_18.png",
        "matched_symbol_file": "IFU_symbols/page_1/IFU_symbol_1_703.png",
        "description": "Baxter ist eine eingetragene Marke von Baxter International Inc.",
        "similarity": 0.858413577079773
    },
    {
        "icon_file": "Labelling_icons_by_pdf/RMC4916_0738002356_Carton_LABEL/icons_page_1/icon_18.png",
        "matched_symbol_file": "IFU_symbols/page_2/IFU_symbol_2_406.png",
        "description": "Medical device\nMedizinprodukt\nProducto sanitario\nDispositif m\u00e9dical\nDispositivo medico\nMedisch hulpmiddel",
        "similarity": 0.888337254524231
    },
    {
        "icon_file": "Labelling_icons_by_pdf/RMC4916_0738002356_Carton_LABEL/icons_page_1/icon_18.png",
        "matched_symbol_file": "IFU_symbols/page_2/IFU_symbol_2_464.png",
        "description": "MR-sicher \u2013 Von dem Produkt gehen keine bekannten \nGefahren infolge der Exposition gegen\u00fcber einer MR-\nUmgebung aus.",
        "similarity": 0.8966803550720215
    },
    {
        "icon_file": "Labelling_icons_by_pdf/RMC4916_0738002356_Carton_LABEL/icons_page_1/icon_20.png",
        "matched_symbol_file": "IFU_symbols/page_1/IFU_symbol_1_42.png",
        "description": "Baxter ist eine eingetragene Marke von Baxter International Inc.",
        "similarity": 0.8531858325004578
    },
    {
        "icon_file": "Labelling_icons_by_pdf/RMC4916_0738002356_Carton_LABEL/icons_page_1/icon_20.png",
        "matched_symbol_file": "IFU_symbols/page_2/IFU_symbol_2_403.png",
        "description": "Do Not Resterilize\nNicht erneut sterilisieren\nNo reesterilizar\nNe pas rest\u00e9riliser\nNon risterilizzare\nNiet opnieuw steriliseren",
        "similarity": 0.8525868058204651
    },
    {
        "icon_file": "Labelling_icons_by_pdf/RMC4916_0738002356_Carton_LABEL/icons_page_1/icon_21.png",
        "matched_symbol_file": "IFU_symbols/page_1/IFU_symbol_1_31.png",
        "description": "Baxter ist eine eingetragene Marke von Baxter International Inc.",
        "similarity": 0.888288140296936
    },
    {
        "icon_file": "Labelling_icons_by_pdf/RMC4916_0738002356_Carton_LABEL/icons_page_1/icon_21.png",
        "matched_symbol_file": "IFU_symbols/page_1/IFU_symbol_1_661.png",
        "description": "(1) Schutzkappe, (2) Stechdorn\nUngef\u00e4hre L\u00e4nge: 19 cm",
        "similarity": 0.8842325806617737
    },
    {
        "icon_file": "Labelling_icons_by_pdf/RMC4916_0738002356_Carton_LABEL/icons_page_1/icon_21.png",
        "matched_symbol_file": "IFU_symbols/page_1/IFU_symbol_1_664.png",
        "description": "(1) Tap\u00f3n protector (2) Punz\u00f3n\nLongitud aproximada: 19\u00a0cm",
        "similarity": 0.863741934299469
    },
    {
        "icon_file": "Labelling_icons_by_pdf/RMC4916_0738002356_Carton_LABEL/icons_page_1/icon_21.png",
        "matched_symbol_file": "IFU_symbols/page_1/IFU_symbol_1_676.png",
        "description": "(1) Beschermdop (2) Spike\nLengte bij benadering: 19 cm",
        "similarity": 0.8518648147583008
    },
    {
        "icon_file": "Labelling_icons_by_pdf/RMC4916_0738002356_Carton_LABEL/icons_page_1/icon_21.png",
        "matched_symbol_file": "IFU_symbols/page_2/IFU_symbol_2_368.png",
        "description": "Gebrauchsanweisung beachten.\nEine elektronische Gebrauchsanweisung steht unter \nder angegebenen Internetadresse zur Verf\u00fcgung.",
        "similarity": 0.8825037479400635
    },
    {
        "icon_file": "Labelling_icons_by_pdf/RMC4916_0738002356_Carton_LABEL/icons_page_1/icon_21.png",
        "matched_symbol_file": "IFU_symbols/page_2/IFU_symbol_2_371.png",
        "description": "Consulte las instrucciones de uso.\nLas instrucciones electr\u00f3nicas de uso est\u00e1n \ndisponibles en la direcci\u00f3n del sitio web indicada.",
        "similarity": 0.8741704225540161
    },
    {
        "icon_file": "Labelling_icons_by_pdf/RMC4916_0738002356_Carton_LABEL/icons_page_1/icon_21.png",
        "matched_symbol_file": "IFU_symbols/page_2/IFU_symbol_2_374.png",
        "description": "Consulter la notice d\u2019utilisation.\nLa notice d\u2019utilisation en version \u00e9lectronique est \ndisponible \u00e0 l\u2019adresse Internet indiqu\u00e9e.",
        "similarity": 0.8695738911628723
    },
    {
        "icon_file": "Labelling_icons_by_pdf/RMC4916_0738002356_Carton_LABEL/icons_page_1/icon_21.png",
        "matched_symbol_file": "IFU_symbols/page_2/IFU_symbol_2_377.png",
        "description": "Consultare le istruzioni per l'uso.\nLe Istruzioni per l'uso in formato elettronico sono \ndisponibili all'indirizzo del sito Web indicato.",
        "similarity": 0.8556544780731201
    },
    {
        "icon_file": "Labelling_icons_by_pdf/RMC4916_0738002356_Carton_LABEL/icons_page_1/icon_21.png",
        "matched_symbol_file": "IFU_symbols/page_2/IFU_symbol_2_397.png",
        "description": "Do Not Reuse\nNicht wiederverwenden\nNo reutilizar\nNe pas r\u00e9utiliser\nNon riutilizzare\nNiet hergebruiken",
        "similarity": 0.8832511305809021
    },
    {
        "icon_file": "Labelling_icons_by_pdf/RMC4916_0738002356_Carton_LABEL/icons_page_1/icon_22.png",
        "matched_symbol_file": "IFU_symbols/page_1/IFU_symbol_1_25.png",
        "description": "Baxter ist eine eingetragene Marke von Baxter International Inc.",
        "similarity": 0.873672366142273
    },
    {
        "icon_file": "Labelling_icons_by_pdf/RMC4916_0738002356_Carton_LABEL/icons_page_1/icon_22.png",
        "matched_symbol_file": "IFU_symbols/page_1/IFU_symbol_1_661.png",
        "description": "(1) Schutzkappe, (2) Stechdorn\nUngef\u00e4hre L\u00e4nge: 19 cm",
        "similarity": 0.861417829990387
    },
    {
        "icon_file": "Labelling_icons_by_pdf/RMC4916_0738002356_Carton_LABEL/icons_page_1/icon_22.png",
        "matched_symbol_file": "IFU_symbols/page_1/IFU_symbol_1_664.png",
        "description": "(1) Tap\u00f3n protector (2) Punz\u00f3n\nLongitud aproximada: 19\u00a0cm",
        "similarity": 0.867678165435791
    },
    {
        "icon_file": "Labelling_icons_by_pdf/RMC4916_0738002356_Carton_LABEL/icons_page_1/icon_22.png",
        "matched_symbol_file": "IFU_symbols/page_2/IFU_symbol_2_368.png",
        "description": "Gebrauchsanweisung beachten.\nEine elektronische Gebrauchsanweisung steht unter \nder angegebenen Internetadresse zur Verf\u00fcgung.",
        "similarity": 0.8579206466674805
    },
    {
        "icon_file": "Labelling_icons_by_pdf/RMC4916_0738002356_Carton_LABEL/icons_page_1/icon_22.png",
        "matched_symbol_file": "IFU_symbols/page_2/IFU_symbol_2_371.png",
        "description": "Consulte las instrucciones de uso.\nLas instrucciones electr\u00f3nicas de uso est\u00e1n \ndisponibles en la direcci\u00f3n del sitio web indicada.",
        "similarity": 0.864561915397644
    },
    {
        "icon_file": "Labelling_icons_by_pdf/RMC4916_0738002356_Carton_LABEL/icons_page_1/icon_22.png",
        "matched_symbol_file": "IFU_symbols/page_2/IFU_symbol_2_374.png",
        "description": "Consulter la notice d\u2019utilisation.\nLa notice d\u2019utilisation en version \u00e9lectronique est \ndisponible \u00e0 l\u2019adresse Internet indiqu\u00e9e.",
        "similarity": 0.8540854454040527
    },
    {
        "icon_file": "Labelling_icons_by_pdf/RMC4916_0738002356_Carton_LABEL/icons_page_1/icon_22.png",
        "matched_symbol_file": "IFU_symbols/page_2/IFU_symbol_2_396.png",
        "description": "Non utilizzare se la confezione \u00e8 danneggiata e \nconsultare le istruzioni \nper l'uso",
        "similarity": 0.8708000183105469
    },
    {
        "icon_file": "Labelling_icons_by_pdf/RMC4916_0738002356_Carton_LABEL/icons_page_1/icon_25.png",
        "matched_symbol_file": "IFU_symbols/page_1/IFU_symbol_1_661.png",
        "description": "(1) Schutzkappe, (2) Stechdorn\nUngef\u00e4hre L\u00e4nge: 19 cm",
        "similarity": 0.8925322890281677
    },
    {
        "icon_file": "Labelling_icons_by_pdf/RMC4916_0738002356_Carton_LABEL/icons_page_1/icon_25.png",
        "matched_symbol_file": "IFU_symbols/page_1/IFU_symbol_1_664.png",
        "description": "(1) Tap\u00f3n protector (2) Punz\u00f3n\nLongitud aproximada: 19\u00a0cm",
        "similarity": 0.8758867979049683
    },
    {
        "icon_file": "Labelling_icons_by_pdf/RMC4916_0738002356_Carton_LABEL/icons_page_1/icon_25.png",
        "matched_symbol_file": "IFU_symbols/page_1/IFU_symbol_1_673.png",
        "description": "(1) Beschermdop (2) Spike\nLengte bij benadering: 19 cm",
        "similarity": 0.8722425103187561
    },
    {
        "icon_file": "Labelling_icons_by_pdf/RMC4916_0738002356_Carton_LABEL/icons_page_1/icon_25.png",
        "matched_symbol_file": "IFU_symbols/page_1/IFU_symbol_1_676.png",
        "description": "(1) Beschermdop (2) Spike\nLengte bij benadering: 19 cm",
        "similarity": 0.8836262226104736
    },
    {
        "icon_file": "Labelling_icons_by_pdf/RMC4916_0738002356_Carton_LABEL/icons_page_1/icon_25.png",
        "matched_symbol_file": "IFU_symbols/page_2/IFU_symbol_2_368.png",
        "description": "Gebrauchsanweisung beachten.\nEine elektronische Gebrauchsanweisung steht unter \nder angegebenen Internetadresse zur Verf\u00fcgung.",
        "similarity": 0.8907281756401062
    },
    {
        "icon_file": "Labelling_icons_by_pdf/RMC4916_0738002356_Carton_LABEL/icons_page_1/icon_25.png",
        "matched_symbol_file": "IFU_symbols/page_2/IFU_symbol_2_371.png",
        "description": "Consulte las instrucciones de uso.\nLas instrucciones electr\u00f3nicas de uso est\u00e1n \ndisponibles en la direcci\u00f3n del sitio web indicada.",
        "similarity": 0.8798375129699707
    },
    {
        "icon_file": "Labelling_icons_by_pdf/RMC4916_0738002356_Carton_LABEL/icons_page_1/icon_25.png",
        "matched_symbol_file": "IFU_symbols/page_2/IFU_symbol_2_374.png",
        "description": "Consulter la notice d\u2019utilisation.\nLa notice d\u2019utilisation en version \u00e9lectronique est \ndisponible \u00e0 l\u2019adresse Internet indiqu\u00e9e.",
        "similarity": 0.8626855611801147
    },
    {
        "icon_file": "Labelling_icons_by_pdf/RMC4916_0738002356_Carton_LABEL/icons_page_1/icon_25.png",
        "matched_symbol_file": "IFU_symbols/page_2/IFU_symbol_2_377.png",
        "description": "Consultare le istruzioni per l'uso.\nLe Istruzioni per l'uso in formato elettronico sono \ndisponibili all'indirizzo del sito Web indicato.",
        "similarity": 0.8907632231712341
    },
    {
        "icon_file": "Labelling_icons_by_pdf/RMC4916_0738002356_Carton_LABEL/icons_page_1/icon_25.png",
        "matched_symbol_file": "IFU_symbols/page_2/IFU_symbol_2_380.png",
        "description": "Raadpleeg de instructies voor gebruik.\nGa voor een elektronische versie van de \ngebruiksaanwijzing naar de vermelde website.",
        "similarity": 0.8707619905471802
    },
    {
        "icon_file": "Labelling_icons_by_pdf/RMC4916_0738002356_Carton_LABEL/icons_page_1/icon_26.png",
        "matched_symbol_file": "IFU_symbols/page_1/IFU_symbol_1_661.png",
        "description": "(1) Schutzkappe, (2) Stechdorn\nUngef\u00e4hre L\u00e4nge: 19 cm",
        "similarity": 0.8619207143783569
    },
    {
        "icon_file": "Labelling_icons_by_pdf/RMC4916_0738002356_Carton_LABEL/icons_page_1/icon_26.png",
        "matched_symbol_file": "IFU_symbols/page_1/IFU_symbol_1_673.png",
        "description": "(1) Beschermdop (2) Spike\nLengte bij benadering: 19 cm",
        "similarity": 0.9036217331886292
    },
    {
        "icon_file": "Labelling_icons_by_pdf/RMC4916_0738002356_Carton_LABEL/icons_page_1/icon_26.png",
        "matched_symbol_file": "IFU_symbols/page_1/IFU_symbol_1_676.png",
        "description": "(1) Beschermdop (2) Spike\nLengte bij benadering: 19 cm",
        "similarity": 0.904887855052948
    },
    {
        "icon_file": "Labelling_icons_by_pdf/RMC4916_0738002356_Carton_LABEL/icons_page_1/icon_26.png",
        "matched_symbol_file": "IFU_symbols/page_2/IFU_symbol_2_368.png",
        "description": "Gebrauchsanweisung beachten.\nEine elektronische Gebrauchsanweisung steht unter \nder angegebenen Internetadresse zur Verf\u00fcgung.",
        "similarity": 0.8595430850982666
    },
    {
        "icon_file": "Labelling_icons_by_pdf/RMC4916_0738002356_Carton_LABEL/icons_page_1/icon_26.png",
        "matched_symbol_file": "IFU_symbols/page_2/IFU_symbol_2_377.png",
        "description": "Consultare le istruzioni per l'uso.\nLe Istruzioni per l'uso in formato elettronico sono \ndisponibili all'indirizzo del sito Web indicato.",
        "similarity": 0.9084309339523315
    },
    {
        "icon_file": "Labelling_icons_by_pdf/RMC4916_0738002356_Carton_LABEL/icons_page_1/icon_26.png",
        "matched_symbol_file": "IFU_symbols/page_2/IFU_symbol_2_380.png",
        "description": "Raadpleeg de instructies voor gebruik.\nGa voor een elektronische versie van de \ngebruiksaanwijzing naar de vermelde website.",
        "similarity": 0.9117763042449951
    },
    {
        "icon_file": "Labelling_icons_by_pdf/RMC4916_0738002356_Carton_LABEL/icons_page_1/icon_27.png",
        "matched_symbol_file": "IFU_symbols/page_1/IFU_symbol_1_661.png",
        "description": "(1) Schutzkappe, (2) Stechdorn\nUngef\u00e4hre L\u00e4nge: 19 cm",
        "similarity": 0.8646014928817749
    },
    {
        "icon_file": "Labelling_icons_by_pdf/RMC4916_0738002356_Carton_LABEL/icons_page_1/icon_27.png",
        "matched_symbol_file": "IFU_symbols/page_1/IFU_symbol_1_673.png",
        "description": "(1) Beschermdop (2) Spike\nLengte bij benadering: 19 cm",
        "similarity": 0.894873857498169
    },
    {
        "icon_file": "Labelling_icons_by_pdf/RMC4916_0738002356_Carton_LABEL/icons_page_1/icon_27.png",
        "matched_symbol_file": "IFU_symbols/page_1/IFU_symbol_1_676.png",
        "description": "(1) Beschermdop (2) Spike\nLengte bij benadering: 19 cm",
        "similarity": 0.9042176008224487
    },
    {
        "icon_file": "Labelling_icons_by_pdf/RMC4916_0738002356_Carton_LABEL/icons_page_1/icon_27.png",
        "matched_symbol_file": "IFU_symbols/page_2/IFU_symbol_2_368.png",
        "description": "Gebrauchsanweisung beachten.\nEine elektronische Gebrauchsanweisung steht unter \nder angegebenen Internetadresse zur Verf\u00fcgung.",
        "similarity": 0.8633153438568115
    },
    {
        "icon_file": "Labelling_icons_by_pdf/RMC4916_0738002356_Carton_LABEL/icons_page_1/icon_27.png",
        "matched_symbol_file": "IFU_symbols/page_2/IFU_symbol_2_377.png",
        "description": "Consultare le istruzioni per l'uso.\nLe Istruzioni per l'uso in formato elettronico sono \ndisponibili all'indirizzo del sito Web indicato.",
        "similarity": 0.9091951847076416
    },
    {
        "icon_file": "Labelling_icons_by_pdf/RMC4916_0738002356_Carton_LABEL/icons_page_1/icon_27.png",
        "matched_symbol_file": "IFU_symbols/page_2/IFU_symbol_2_380.png",
        "description": "Raadpleeg de instructies voor gebruik.\nGa voor een elektronische versie van de \ngebruiksaanwijzing naar de vermelde website.",
        "similarity": 0.9020291566848755
    },
    {
        "icon_file": "Labelling_icons_by_pdf/RMC4916_0738002356_Carton_LABEL/icons_page_1/icon_28.png",
        "matched_symbol_file": "IFU_symbols/page_1/IFU_symbol_1_661.png",
        "description": "(1) Schutzkappe, (2) Stechdorn\nUngef\u00e4hre L\u00e4nge: 19 cm",
        "similarity": 0.8594237565994263
    },
    {
        "icon_file": "Labelling_icons_by_pdf/RMC4916_0738002356_Carton_LABEL/icons_page_1/icon_28.png",
        "matched_symbol_file": "IFU_symbols/page_1/IFU_symbol_1_664.png",
        "description": "(1) Tap\u00f3n protector (2) Punz\u00f3n\nLongitud aproximada: 19\u00a0cm",
        "similarity": 0.8607437014579773
    },
    {
        "icon_file": "Labelling_icons_by_pdf/RMC4916_0738002356_Carton_LABEL/icons_page_1/icon_28.png",
        "matched_symbol_file": "IFU_symbols/page_2/IFU_symbol_2_368.png",
        "description": "Gebrauchsanweisung beachten.\nEine elektronische Gebrauchsanweisung steht unter \nder angegebenen Internetadresse zur Verf\u00fcgung.",
        "similarity": 0.8541629910469055
    },
    {
        "icon_file": "Labelling_icons_by_pdf/RMC4916_0738002356_Carton_LABEL/icons_page_1/icon_28.png",
        "matched_symbol_file": "IFU_symbols/page_2/IFU_symbol_2_371.png",
        "description": "Consulte las instrucciones de uso.\nLas instrucciones electr\u00f3nicas de uso est\u00e1n \ndisponibles en la direcci\u00f3n del sitio web indicada.",
        "similarity": 0.8546927571296692
    },
    {
        "icon_file": "Labelling_icons_by_pdf/RMC4916_0738002356_Carton_LABEL/icons_page_1/icon_28.png",
        "matched_symbol_file": "IFU_symbols/page_2/IFU_symbol_2_374.png",
        "description": "Consulter la notice d\u2019utilisation.\nLa notice d\u2019utilisation en version \u00e9lectronique est \ndisponible \u00e0 l\u2019adresse Internet indiqu\u00e9e.",
        "similarity": 0.8725964426994324
    },
    {
        "icon_file": "Labelling_icons_by_pdf/RMC4916_0738002356_Carton_LABEL/icons_page_1/icon_29.png",
        "matched_symbol_file": "IFU_symbols/page_1/IFU_symbol_1_661.png",
        "description": "(1) Schutzkappe, (2) Stechdorn\nUngef\u00e4hre L\u00e4nge: 19 cm",
        "similarity": 0.8585056662559509
    },
    {
        "icon_file": "Labelling_icons_by_pdf/RMC4916_0738002356_Carton_LABEL/icons_page_1/icon_29.png",
        "matched_symbol_file": "IFU_symbols/page_1/IFU_symbol_1_664.png",
        "description": "(1) Tap\u00f3n protector (2) Punz\u00f3n\nLongitud aproximada: 19\u00a0cm",
        "similarity": 0.8729722499847412
    },
    {
        "icon_file": "Labelling_icons_by_pdf/RMC4916_0738002356_Carton_LABEL/icons_page_1/icon_29.png",
        "matched_symbol_file": "IFU_symbols/page_2/IFU_symbol_2_368.png",
        "description": "Gebrauchsanweisung beachten.\nEine elektronische Gebrauchsanweisung steht unter \nder angegebenen Internetadresse zur Verf\u00fcgung.",
        "similarity": 0.852728009223938
    },
    {
        "icon_file": "Labelling_icons_by_pdf/RMC4916_0738002356_Carton_LABEL/icons_page_1/icon_29.png",
        "matched_symbol_file": "IFU_symbols/page_2/IFU_symbol_2_371.png",
        "description": "Consulte las instrucciones de uso.\nLas instrucciones electr\u00f3nicas de uso est\u00e1n \ndisponibles en la direcci\u00f3n del sitio web indicada.",
        "similarity": 0.8651472330093384
    },
    {
        "icon_file": "Labelling_icons_by_pdf/RMC4916_0738002356_Carton_LABEL/icons_page_1/icon_29.png",
        "matched_symbol_file": "IFU_symbols/page_2/IFU_symbol_2_374.png",
        "description": "Consulter la notice d\u2019utilisation.\nLa notice d\u2019utilisation en version \u00e9lectronique est \ndisponible \u00e0 l\u2019adresse Internet indiqu\u00e9e.",
        "similarity": 0.8662618398666382
    },
    {
        "icon_file": "Labelling_icons_by_pdf/RMC4916_0738002356_Carton_LABEL/icons_page_1/icon_30.png",
        "matched_symbol_file": "IFU_symbols/page_1/IFU_symbol_1_661.png",
        "description": "(1) Schutzkappe, (2) Stechdorn\nUngef\u00e4hre L\u00e4nge: 19 cm",
        "similarity": 0.8734310865402222
    },
    {
        "icon_file": "Labelling_icons_by_pdf/RMC4916_0738002356_Carton_LABEL/icons_page_1/icon_30.png",
        "matched_symbol_file": "IFU_symbols/page_1/IFU_symbol_1_664.png",
        "description": "(1) Tap\u00f3n protector (2) Punz\u00f3n\nLongitud aproximada: 19\u00a0cm",
        "similarity": 0.8747031688690186
    },
    {
        "icon_file": "Labelling_icons_by_pdf/RMC4916_0738002356_Carton_LABEL/icons_page_1/icon_30.png",
        "matched_symbol_file": "IFU_symbols/page_2/IFU_symbol_2_368.png",
        "description": "Gebrauchsanweisung beachten.\nEine elektronische Gebrauchsanweisung steht unter \nder angegebenen Internetadresse zur Verf\u00fcgung.",
        "similarity": 0.8690476417541504
    },
    {
        "icon_file": "Labelling_icons_by_pdf/RMC4916_0738002356_Carton_LABEL/icons_page_1/icon_30.png",
        "matched_symbol_file": "IFU_symbols/page_2/IFU_symbol_2_371.png",
        "description": "Consulte las instrucciones de uso.\nLas instrucciones electr\u00f3nicas de uso est\u00e1n \ndisponibles en la direcci\u00f3n del sitio web indicada.",
        "similarity": 0.8679618239402771
    },
    {
        "icon_file": "Labelling_icons_by_pdf/RMC4916_0738002356_Carton_LABEL/icons_page_1/icon_30.png",
        "matched_symbol_file": "IFU_symbols/page_2/IFU_symbol_2_374.png",
        "description": "Consulter la notice d\u2019utilisation.\nLa notice d\u2019utilisation en version \u00e9lectronique est \ndisponible \u00e0 l\u2019adresse Internet indiqu\u00e9e.",
        "similarity": 0.8803778290748596
    },
    {
        "icon_file": "Labelling_icons_by_pdf/RMC4916_0738002356_Carton_LABEL/icons_page_1/icon_32.png",
        "matched_symbol_file": "IFU_symbols/page_1/IFU_symbol_1_75.png",
        "description": "Baxter Healthcare SA\nThurgauerstrasse 130\n8152 Glattpark (Opfikon)\nSwitzerland\nwww.baxter.com",
        "similarity": 0.8597182631492615
    },
    {
        "icon_file": "Labelling_icons_by_pdf/RMC4916_0738002356_Carton_LABEL/icons_page_1/icon_32.png",
        "matched_symbol_file": "IFU_symbols/page_1/IFU_symbol_1_81.png",
        "description": "Baxter Healthcare SA\nThurgauerstrasse 130\n8152 Glattpark (Opfikon)\nSwitzerland\nwww.baxter.com",
        "similarity": 0.852715015411377
    },
    {
        "icon_file": "Labelling_icons_by_pdf/RMC4916_0738002356_Carton_LABEL/icons_page_1/icon_32.png",
        "matched_symbol_file": "IFU_symbols/page_2/IFU_symbol_2_406.png",
        "description": "Medical device\nMedizinprodukt\nProducto sanitario\nDispositif m\u00e9dical\nDispositivo medico\nMedisch hulpmiddel",
        "similarity": 0.8522701859474182
    },
    {
        "icon_file": "Labelling_icons_by_pdf/RMC4916_0738002356_Carton_LABEL/icons_page_1/icon_6.png",
        "matched_symbol_file": "IFU_symbols/page_1/IFU_symbol_1_842.png",
        "description": "(1) Beschermdop (2) Spike\nLengte bij benadering: 19 cm",
        "similarity": 0.8598601818084717
    },
    {
        "icon_file": "Labelling_icons_by_pdf/RMC4916_0738002356_Carton_LABEL/icons_page_1/icon_6.png",
        "matched_symbol_file": "IFU_symbols/page_1/IFU_symbol_1_849.png",
        "description": "RMC4916\nRMC4916\nRMC4916",
        "similarity": 0.8562592267990112
    },
    {
        "icon_file": "Labelling_icons_by_pdf/RMC4916_0738002356_Carton_LABEL/icons_page_1/icon_8.png",
        "matched_symbol_file": "IFU_symbols/page_1/IFU_symbol_1_814.png",
        "description": "RMC4916\nRMC4916\nRMC4916",
        "similarity": 0.8795248866081238
    },
    {
        "icon_file": "Labelling_icons_by_pdf/RMC4916_0738002356_Carton_LABEL/icons_page_1/icon_8.png",
        "matched_symbol_file": "IFU_symbols/page_1/IFU_symbol_1_819.png",
        "description": "Irrigation jet\nSp\u00fclset\nEquipo de irrigaci\u00f3n",
        "similarity": 0.8566526174545288
    },
    {
        "icon_file": "Labelling_icons_by_pdf/RMC4916_0738002356_Carton_LABEL/icons_page_1/icon_8.png",
        "matched_symbol_file": "IFU_symbols/page_1/IFU_symbol_1_821.png",
        "description": "(1) Tap\u00f3n protector (2) Punz\u00f3n\nLongitud aproximada: 19\u00a0cm",
        "similarity": 0.8816653490066528
    },
    {
        "icon_file": "Labelling_icons_by_pdf/RMC4916_0738002356_Carton_LABEL/icons_page_1/icon_8.png",
        "matched_symbol_file": "IFU_symbols/page_1/IFU_symbol_1_826.png",
        "description": "(1) Schutzkappe, (2) Stechdorn\nUngef\u00e4hre L\u00e4nge: 19 cm",
        "similarity": 0.8641307950019836
    },
    {
        "icon_file": "Labelling_icons_by_pdf/RMC4916_0738002356_Carton_LABEL/icons_page_1/icon_8.png",
        "matched_symbol_file": "IFU_symbols/page_1/IFU_symbol_1_833.png",
        "description": "(1) Tap\u00f3n protector (2) Punz\u00f3n\nLongitud aproximada: 19\u00a0cm",
        "similarity": 0.8543025255203247
    },
    {
        "icon_file": "Labelling_icons_by_pdf/RMC4916_0738002356_Carton_LABEL/icons_page_1/icon_8.png",
        "matched_symbol_file": "IFU_symbols/page_1/IFU_symbol_1_840.png",
        "description": "(1) Beschermdop (2) Spike\nLengte bij benadering: 19 cm",
        "similarity": 0.8585494756698608
    },
    {
        "icon_file": "Labelling_icons_by_pdf/RMC4916_0738002356_Carton_LABEL/icons_page_1/icon_8.png",
        "matched_symbol_file": "IFU_symbols/page_1/IFU_symbol_1_842.png",
        "description": "(1) Beschermdop (2) Spike\nLengte bij benadering: 19 cm",
        "similarity": 0.8886313438415527
    },
    {
        "icon_file": "Labelling_icons_by_pdf/RMC4916_0738002356_Carton_LABEL/icons_page_1/icon_8.png",
        "matched_symbol_file": "IFU_symbols/page_1/IFU_symbol_1_847.png",
        "description": "(1) Cappuccio di protezione (2) Punta\nLunghezza approssimativa: 19 cm",
        "similarity": 0.866378128528595
    },
    {
        "icon_file": "Labelling_icons_by_pdf/RMC4916_0738002356_Carton_LABEL/icons_page_1/icon_8.png",
        "matched_symbol_file": "IFU_symbols/page_1/IFU_symbol_1_849.png",
        "description": "RMC4916\nRMC4916\nRMC4916",
        "similarity": 0.8839412331581116
    },
    {
        "icon_file": "Labelling_icons_by_pdf/RMC4916_0738002356_Carton_LABEL/icons_page_1/icon_8.png",
        "matched_symbol_file": "IFU_symbols/page_1/IFU_symbol_1_854.png",
        "description": "Irrigatieset\nSet per irrigazione\nN\u00e9cessaire pour irrigation",
        "similarity": 0.8608812093734741
    },
    {
        "icon_file": "Labelling_icons_by_pdf/RMC4916_0738002356_Carton_LABEL/icons_page_1/icon_9.png",
        "matched_symbol_file": "IFU_symbols/page_1/IFU_symbol_1_819.png",
        "description": "Irrigation jet\nSp\u00fclset\nEquipo de irrigaci\u00f3n",
        "similarity": 0.8815776109695435
    },
    {
        "icon_file": "Labelling_icons_by_pdf/RMC4916_0738002356_Carton_LABEL/icons_page_1/icon_9.png",
        "matched_symbol_file": "IFU_symbols/page_1/IFU_symbol_1_826.png",
        "description": "(1) Schutzkappe, (2) Stechdorn\nUngef\u00e4hre L\u00e4nge: 19 cm",
        "similarity": 0.8798461556434631
    },
    {
        "icon_file": "Labelling_icons_by_pdf/RMC4916_0738002356_Carton_LABEL/icons_page_1/icon_9.png",
        "matched_symbol_file": "IFU_symbols/page_1/IFU_symbol_1_833.png",
        "description": "(1) Tap\u00f3n protector (2) Punz\u00f3n\nLongitud aproximada: 19\u00a0cm",
        "similarity": 0.8789422512054443
    },
    {
        "icon_file": "Labelling_icons_by_pdf/RMC4916_0738002356_Carton_LABEL/icons_page_1/icon_9.png",
        "matched_symbol_file": "IFU_symbols/page_1/IFU_symbol_1_840.png",
        "description": "(1) Beschermdop (2) Spike\nLengte bij benadering: 19 cm",
        "similarity": 0.8848191499710083
    },
    {
        "icon_file": "Labelling_icons_by_pdf/RMC4916_0738002356_Carton_LABEL/icons_page_1/icon_9.png",
        "matched_symbol_file": "IFU_symbols/page_1/IFU_symbol_1_847.png",
        "description": "(1) Cappuccio di protezione (2) Punta\nLunghezza approssimativa: 19 cm",
        "similarity": 0.8828346729278564
    },
    {
        "icon_file": "Labelling_icons_by_pdf/RMC4916_0738002356_Carton_LABEL/icons_page_1/icon_9.png",
        "matched_symbol_file": "IFU_symbols/page_1/IFU_symbol_1_854.png",
        "description": "Irrigatieset\nSet per irrigazione\nN\u00e9cessaire pour irrigation",
        "similarity": 0.8860158324241638
    }
]