{
    "Warnings": [
        {
            "value": "Store at Room Temperature",
            "columns": [
                6,
                8
            ]
        }
    ],
    "Claims": [
        {
            "value": "Sterilized with Ethylene Oxide Single Sterile Barrier System",
            "columns": [
                6,
                8
            ]
        },
        {
            "value": "Non-Pyrogenic",
            "columns": [
                6,
                8
            ]
        },
        {
            "value": "Sterilized with Ethylene Oxide",
            "columns": [
                6,
                8
            ]
        },
        {
            "value": "The device is not made with natural rubber latex",
            "columns": [
                6,
                8
            ]
        },
        {
            "value": "Contains less than 0.1% w/w DEHP",
            "columns": [
                6,
                8
            ]
        }
    ],
    "Cautions": [
        {
            "value": "Do not use if package is damaged and consult instructions for use",
            "columns": [
                6,
                8
            ]
        },
        {
            "value": "Do Not Reuse",
            "columns": [
                6,
                8
            ]
        },
        {
            "value": "Do Not Resterilize",
            "columns": [
                6,
                8
            ]
        }
    ]
}